{
  "LTIFR": 2.3346594198838275,
  "LTTR": 139.21543799352497,
  "Severity_Rate": 0.040627579213104496,
  "TRIR": 4.669318839767655,
  "Total_LTI": 2,
  "Total_Lost_Hours": 278.43087598704994,
  "Total_Lost_Days": 34.80385949838124,
  "Total_Man_Hours": 856656.0,
  "Total_Recordable": 4.0,
  "Incident_Count": 4.0
}