LTIFR,LTTR,Severity_Rate,TRIR,Total_LTI,Total_Lost_Hours,Total_Lost_Days,Total_Man_Hours,Total_Recordable,Incident_Count,zone
0.0,0.0,0.0,0.0,0,0.0,0.0,145848,0,0,Coke_Oven
0.0,0.0,0.0,0.0,0,0.0,0.0,111160,0,0,Sinter_Plant
0.0,0.0,0.0,0.0,0,0.0,0.0,129224,0,0,Blast_Furnace
10.558324182785709,163.4405903598012,0.21570734220558271,21.116648365571418,1,163.4405903598012,20.43007379497515,94712,2,2,BOF
0.0,0.0,0.0,0.0,0,0.0,0.0,71488,0,0,Ladle_Metallurgy
0.0,0.0,0.0,12.668490929360495,0,0.0,0.0,78936,1,1,Caster
0.0,0.0,0.0,0.0,0,0.0,0.0,162168,0,0,Rolling_Mill
15.842839036755386,114.99028562724875,0.22772157324787856,15.842839036755386,1,114.99028562724875,14.373785703406094,63120,1,1,Power_Plant
